Category,Workbook Name,Priority,Automation Potential,Monetization Value
Wealth Strategy,Personal Wealth Operating System,High,High,High
Business Models,Business Model Generator,High,High,High
Market Intelligence,Market Research Command Center,High,High,High
Prediction and Simulation,Revenue Forecast Simulator,High,High,High
Sales,Sales Pipeline Tracker,High,Medium,High
Marketing,Marketing Strategy Command Center,High,High,High
Content Engines,Content Idea Vault,High,High,High
AI Agents,Agent Registry Workbook,High,High,High
Automation,Automation Opportunity Finder,High,High,High
Tools and Templates,Prompt Library Workbook,High,High,High
Product and Offers,Offer Design Workbook,High,Medium,High
Operations,Company Operating System,High,High,High
Finance and Accounting,Cash Flow Command Center,High,High,High
Shopify and Commerce,Shopify Store Command Center,High,High,High
Vercel Next.js Supabase,Supabase Schema Planner,High,High,High
GitHub and Engineering,Vercel Deployment Tracker,Medium,High,Medium
Skills and Prompt Engineering,Skill Specification Builder,High,High,High
Intelligence and Research,Evidence Ledger,High,Medium,High
Personal Productivity,Decision Log Workbook,Medium,Medium,Medium
GPT Meta Workbooks,GPT Powerhouse Control Center,Critical,High,High
